age,job,marital,education,balance,housing,loan,contact,campaign,previous,poutcome,target
25,student,single,tertiary,850,no,no,cellular,1,0,unknown,0
34,admin,married,secondary,2400,yes,no,cellular,2,1,success,1
45,technician,married,secondary,1420,yes,no,telephone,3,0,unknown,0
52,management,married,tertiary,6750,no,no,cellular,1,2,success,1
29,services,single,secondary,120,yes,yes,cellular,4,0,unknown,0
41,blue-collar,married,primary,330,yes,no,unknown,5,0,unknown,0
37,admin,divorced,secondary,1890,no,no,cellular,1,3,success,1
31,technician,single,tertiary,2750,no,no,cellular,2,1,failure,1
58,retired,married,primary,5400,no,no,telephone,1,4,success,1
46,management,divorced,tertiary,2100,yes,no,cellular,3,0,unknown,0
39,self-employed,married,tertiary,7200,no,no,cellular,2,2,success,1
28,blue-collar,single,secondary,-120,yes,yes,unknown,6,0,unknown,0
33,services,married,secondary,980,yes,no,cellular,4,1,failure,0
49,entrepreneur,married,tertiary,12500,no,no,cellular,1,5,success,1
36,admin,single,secondary,640,yes,no,telephone,2,0,unknown,0
44,technician,married,tertiary,3200,no,no,cellular,1,2,success,1
23,student,single,secondary,450,no,no,cellular,1,0,unknown,1
55,retired,married,secondary,8900,no,no,telephone,2,3,success,1
42,blue-collar,married,primary,760,yes,yes,unknown,7,0,unknown,0
30,management,single,tertiary,4100,no,no,cellular,2,1,success,1
48,services,divorced,secondary,1500,yes,no,cellular,3,0,unknown,0
53,technician,married,secondary,2600,no,yes,telephone,4,1,failure,0
27,admin,single,tertiary,2300,no,no,cellular,1,2,success,1
60,retired,married,primary,11200,no,no,telephone,1,6,success,1
35,self-employed,married,tertiary,900,yes,no,cellular,5,0,unknown,0
40,admin,married,secondary,5000,yes,no,cellular,2,1,success,1
47,entrepreneur,married,secondary,430,yes,yes,unknown,6,0,unknown,0
32,technician,single,tertiary,3150,no,no,cellular,2,2,success,1
50,management,married,tertiary,6100,no,no,cellular,1,4,success,1
38,blue-collar,divorced,primary,250,yes,no,unknown,8,0,unknown,0
